{
  "__inputs": [
    {
      "name": "DS_AIRQ",
      "label": "airQ",
      "description": "",
      "type": "datasource",
      "pluginId": "mysql",
      "pluginName": "MySQL"
    }
  ],
  "__elements": [],
  "__requires": [
    {
      "type": "grafana",
      "id": "grafana",
      "name": "Grafana",
      "version": "8.3.3"
    },
    {
      "type": "panel",
      "id": "graph",
      "name": "Graph (old)",
      "version": ""
    },
    {
      "type": "datasource",
      "id": "mysql",
      "name": "MySQL",
      "version": "1.0.0"
    },
    {
      "type": "panel",
      "id": "stat",
      "name": "Stat",
      "version": ""
    },
    {
      "type": "panel",
      "id": "text",
      "name": "Text",
      "version": ""
    }
  ],
  "annotations": {
    "list": [
      {
        "builtIn": 1,
        "datasource": "-- Grafana --",
        "enable": true,
        "hide": true,
        "iconColor": "rgba(0, 211, 255, 1)",
        "name": "Annotations & Alerts",
        "target": {
          "limit": 100,
          "matchAny": false,
          "tags": [],
          "type": "dashboard"
        },
        "type": "dashboard"
      }
    ]
  },
  "editable": true,
  "fiscalYearStartMonth": 0,
  "graphTooltip": 0,
  "id": null,
  "iteration": 1646822648304,
  "links": [
    {
      "asDropdown": false,
      "icon": "external link",
      "includeVars": false,
      "keepTime": false,
      "tags": [
        "airQ"
      ],
      "targetBlank": false,
      "title": "New link",
      "tooltip": "",
      "type": "dashboards",
      "url": ""
    }
  ],
  "liveNow": false,
  "panels": [
    {
      "aliasColors": {
        "CO2[ppm]": "light-blue",
        "CO[ppt]": "light-red",
        "Gesundheit": "light-blue",
        "Leistung": "light-red",
        "Luftfeuchte": "light-blue",
        "NO2": "semi-dark-orange",
        "O3": "light-blue",
        "PM-1": "yellow",
        "PM-10": "purple",
        "PM-2.5": "dark-orange",
        "SO2": "yellow",
        "TVOC[ppb]": "dark-purple",
        "Temperatur": "light-red"
      },
      "bars": false,
      "dashLength": 10,
      "dashes": false,
      "datasource": {
        "type": "mysql",
        "uid": "${DS_AIRQ}"
      },
      "description": "",
      "fill": 0,
      "fillGradient": 0,
      "gridPos": {
        "h": 8,
        "w": 20,
        "x": 0,
        "y": 0
      },
      "hiddenSeries": false,
      "id": 20,
      "legend": {
        "avg": false,
        "current": false,
        "max": false,
        "min": false,
        "show": true,
        "total": false,
        "values": false
      },
      "lines": true,
      "linewidth": 2,
      "nullPointMode": "null",
      "options": {
        "alertThreshold": true
      },
      "percentage": false,
      "pluginVersion": "8.3.3",
      "pointradius": 2,
      "points": false,
      "renderer": "flot",
      "seriesOverrides": [
        {
          "$$hashKey": "object:252",
          "alias": "Luftfeuchte",
          "yaxis": 2
        }
      ],
      "spaceLength": 10,
      "stack": false,
      "steppedLine": false,
      "targets": [
        {
          "format": "time_series",
          "group": [],
          "metricColumn": "none",
          "rawQuery": true,
          "rawSql": "SELECT\n  convert_tz(`measuredAt`,@@session.time_zone,'+00:00') AS time\n  , `health` AS 'Gesundheit'\n  , `performance` AS 'Leistung'\nFROM `$TableName`\nWHERE Device='$Device' AND\n  $__timeFilter( `measuredAt` )\nORDER BY `measuredAt`\n",
          "refId": "A",
          "select": [
            [
              {
                "params": [
                  "value"
                ],
                "type": "column"
              }
            ]
          ],
          "timeColumn": "time",
          "where": [
            {
              "name": "$__timeFilter",
              "params": [],
              "type": "macro"
            }
          ]
        }
      ],
      "thresholds": [
        {
          "$$hashKey": "object:440",
          "colorMode": "critical",
          "fill": true,
          "line": true,
          "op": "gt",
          "yaxis": "left"
        }
      ],
      "timeRegions": [
        {
          "$$hashKey": "object:176",
          "colorMode": "background6",
          "fill": true,
          "fillColor": "rgba(234, 112, 112, 0.12)",
          "line": false,
          "lineColor": "rgba(237, 46, 24, 0.60)",
          "op": "time"
        }
      ],
      "title": "Gesundheits-, Leistungsindex",
      "tooltip": {
        "shared": true,
        "sort": 0,
        "value_type": "individual"
      },
      "type": "graph",
      "xaxis": {
        "mode": "time",
        "show": true,
        "values": []
      },
      "yaxes": [
        {
          "$$hashKey": "object:153",
          "decimals": 0,
          "format": "none",
          "label": "[0 .. 1000]",
          "logBase": 1,
          "show": true
        },
        {
          "$$hashKey": "object:154",
          "decimals": 1,
          "format": "conμgm3",
          "label": "µg/m3",
          "logBase": 1,
          "show": false
        }
      ],
      "yaxis": {
        "align": true
      }
    },
    {
      "aliasColors": {
        "Luftfeuchte": "light-blue",
        "Temperatur": "light-red"
      },
      "bars": false,
      "dashLength": 10,
      "dashes": false,
      "datasource": {
        "type": "mysql",
        "uid": "${DS_AIRQ}"
      },
      "fill": 0,
      "fillGradient": 0,
      "gridPos": {
        "h": 6,
        "w": 7,
        "x": 0,
        "y": 8
      },
      "hiddenSeries": false,
      "id": 2,
      "legend": {
        "avg": false,
        "current": false,
        "max": false,
        "min": false,
        "show": true,
        "total": false,
        "values": false
      },
      "lines": true,
      "linewidth": 2,
      "nullPointMode": "null",
      "options": {
        "alertThreshold": true
      },
      "percentage": false,
      "pluginVersion": "8.3.3",
      "pointradius": 2,
      "points": false,
      "renderer": "flot",
      "seriesOverrides": [
        {
          "$$hashKey": "object:252",
          "alias": "Luftfeuchte",
          "yaxis": 2
        }
      ],
      "spaceLength": 10,
      "stack": false,
      "steppedLine": false,
      "targets": [
        {
          "format": "time_series",
          "group": [],
          "metricColumn": "none",
          "rawQuery": true,
          "rawSql": "SELECT\n  convert_tz(`measuredAt`,@@session.time_zone,'+00:00') AS time\n  , `temperature` AS Temperatur\n  , `humidity` AS Luftfeuchte\nFROM `$TableName`\nWHERE Device='$Device' AND\n  $__timeFilter( `measuredAt` )\nORDER BY `measuredAt`\n",
          "refId": "A",
          "select": [
            [
              {
                "params": [
                  "value"
                ],
                "type": "column"
              }
            ]
          ],
          "timeColumn": "time",
          "where": [
            {
              "name": "$__timeFilter",
              "params": [],
              "type": "macro"
            }
          ]
        }
      ],
      "thresholds": [],
      "timeRegions": [
        {
          "$$hashKey": "object:176",
          "colorMode": "background6",
          "fill": true,
          "fillColor": "rgba(234, 112, 112, 0.12)",
          "line": false,
          "lineColor": "rgba(237, 46, 24, 0.60)",
          "op": "time"
        }
      ],
      "title": "Temperatur/Luftfeuchte",
      "tooltip": {
        "shared": true,
        "sort": 0,
        "value_type": "individual"
      },
      "type": "graph",
      "xaxis": {
        "mode": "time",
        "show": true,
        "values": []
      },
      "yaxes": [
        {
          "$$hashKey": "object:153",
          "decimals": 1,
          "format": "none",
          "label": "Temperatur [° C]",
          "logBase": 1,
          "show": true
        },
        {
          "$$hashKey": "object:154",
          "decimals": 1,
          "format": "none",
          "label": "Rel. Luftfeuchte [%]",
          "logBase": 1,
          "show": true
        }
      ],
      "yaxis": {
        "align": true
      }
    },
    {
      "datasource": {
        "type": "mysql",
        "uid": "${DS_AIRQ}"
      },
      "description": "",
      "fieldConfig": {
        "defaults": {
          "decimals": 1,
          "mappings": [],
          "max": 80,
          "min": -40,
          "thresholds": {
            "mode": "absolute",
            "steps": [
              {
                "color": "rgb(0, 0, 255)",
                "value": null
              },
              {
                "color": "rgba(0, 0, 255, 0.5)",
                "value": -20
              },
              {
                "color": "rgba(0, 255, 255, 0.5)",
                "value": 0
              },
              {
                "color": "rgba(0, 255, 0, 0.5)",
                "value": 20
              },
              {
                "color": "rgba(255, 149, 149, 0.5)",
                "value": 25
              },
              {
                "color": "rgba(255, 0, 0, 0.5)",
                "value": 40
              },
              {
                "color": "#ff0000",
                "value": 60
              }
            ]
          },
          "unit": "celsius"
        },
        "overrides": []
      },
      "gridPos": {
        "h": 3,
        "w": 3,
        "x": 7,
        "y": 8
      },
      "id": 6,
      "options": {
        "colorMode": "value",
        "graphMode": "area",
        "justifyMode": "auto",
        "orientation": "auto",
        "reduceOptions": {
          "calcs": [
            "mean"
          ],
          "fields": "",
          "values": false
        },
        "text": {},
        "textMode": "auto"
      },
      "pluginVersion": "8.3.3",
      "targets": [
        {
          "format": "time_series",
          "group": [],
          "metricColumn": "none",
          "rawQuery": true,
          "rawSql": "SELECT\n  convert_tz(`measuredAt`,@@session.time_zone,'+00:00') AS \"time\",\n  temperature AS value,\n  \"Temperatur\" AS metric\nFROM `$TableName`\nWHERE Device='$Device'\nORDER BY measuredAt desc\nLIMIT 1",
          "refId": "A",
          "select": [
            [
              {
                "params": [
                  "measuretime"
                ],
                "type": "column"
              }
            ]
          ],
          "table": "data2020-08",
          "timeColumn": "measuredAt",
          "timeColumnType": "timestamp",
          "where": [
            {
              "name": "$__timeFilter",
              "params": [],
              "type": "macro"
            }
          ]
        }
      ],
      "title": "Temperatur",
      "type": "stat"
    },
    {
      "aliasColors": {
        "CO2[ppm]": "light-blue",
        "CO[ppt]": "light-red",
        "Luftfeuchte": "light-blue",
        "NO2": "semi-dark-orange",
        "O3": "light-blue",
        "PM-1": "yellow",
        "PM-10": "purple",
        "PM-2.5": "dark-orange",
        "SO2": "yellow",
        "TVOC[ppb]": "dark-purple",
        "Temperatur": "light-red"
      },
      "bars": false,
      "dashLength": 10,
      "dashes": false,
      "datasource": {
        "type": "mysql",
        "uid": "${DS_AIRQ}"
      },
      "description": "",
      "fill": 0,
      "fillGradient": 0,
      "gridPos": {
        "h": 6,
        "w": 7,
        "x": 10,
        "y": 8
      },
      "hiddenSeries": false,
      "id": 16,
      "legend": {
        "avg": false,
        "current": false,
        "max": false,
        "min": false,
        "show": true,
        "total": false,
        "values": false
      },
      "lines": true,
      "linewidth": 2,
      "nullPointMode": "null",
      "options": {
        "alertThreshold": true
      },
      "percentage": false,
      "pluginVersion": "8.3.3",
      "pointradius": 2,
      "points": false,
      "renderer": "flot",
      "seriesOverrides": [
        {
          "$$hashKey": "object:252",
          "alias": "Luftfeuchte",
          "yaxis": 2
        }
      ],
      "spaceLength": 10,
      "stack": false,
      "steppedLine": false,
      "targets": [
        {
          "format": "time_series",
          "group": [],
          "metricColumn": "none",
          "rawQuery": true,
          "rawSql": "SELECT\n  convert_tz(`measuredAt`,@@session.time_zone,'+00:00') AS time\n  , `co`*1000 AS 'CO[ppt]'\n  , `co2` AS 'CO2[ppm]'\n  , `tvoc` AS 'TVOC[ppb]'\nFROM `$TableName`\nWHERE Device='$Device' AND\n  $__timeFilter( `measuredAt` )\nORDER BY `measuredAt`\n",
          "refId": "A",
          "select": [
            [
              {
                "params": [
                  "value"
                ],
                "type": "column"
              }
            ]
          ],
          "timeColumn": "time",
          "where": [
            {
              "name": "$__timeFilter",
              "params": [],
              "type": "macro"
            }
          ]
        }
      ],
      "thresholds": [],
      "timeRegions": [
        {
          "$$hashKey": "object:176",
          "colorMode": "background6",
          "fill": true,
          "fillColor": "rgba(234, 112, 112, 0.12)",
          "line": false,
          "lineColor": "rgba(237, 46, 24, 0.60)",
          "op": "time"
        }
      ],
      "title": "Kohlenmonoxid, Kohlendioxid, TVOCs",
      "tooltip": {
        "shared": true,
        "sort": 0,
        "value_type": "individual"
      },
      "type": "graph",
      "xaxis": {
        "mode": "time",
        "show": true,
        "values": []
      },
      "yaxes": [
        {
          "$$hashKey": "object:153",
          "decimals": 1,
          "format": "none",
          "label": "parts / x",
          "logBase": 1,
          "show": true
        },
        {
          "$$hashKey": "object:154",
          "decimals": 1,
          "format": "conμgm3",
          "label": "µg/m3",
          "logBase": 1,
          "show": false
        }
      ],
      "yaxis": {
        "align": true
      }
    },
    {
      "datasource": {
        "type": "mysql",
        "uid": "${DS_AIRQ}"
      },
      "description": "",
      "fieldConfig": {
        "defaults": {
          "decimals": 2,
          "mappings": [],
          "thresholds": {
            "mode": "absolute",
            "steps": [
              {
                "color": "super-light-blue",
                "value": null
              }
            ]
          },
          "unit": "ppm"
        },
        "overrides": []
      },
      "gridPos": {
        "h": 2,
        "w": 3,
        "x": 17,
        "y": 8
      },
      "id": 17,
      "options": {
        "colorMode": "value",
        "graphMode": "area",
        "justifyMode": "auto",
        "orientation": "auto",
        "reduceOptions": {
          "calcs": [
            "mean"
          ],
          "fields": "",
          "values": false
        },
        "text": {},
        "textMode": "auto"
      },
      "pluginVersion": "8.3.3",
      "targets": [
        {
          "format": "time_series",
          "group": [],
          "metricColumn": "none",
          "rawQuery": true,
          "rawSql": "SELECT\n  convert_tz(`measuredAt`,@@session.time_zone,'+00:00') AS \"time\",\n  co AS value,\n  \"CO\" AS metric\nFROM `$TableName`\nWHERE Device='$Device'\nORDER BY measuredAt desc\nLIMIT 1",
          "refId": "A",
          "select": [
            [
              {
                "params": [
                  "measuretime"
                ],
                "type": "column"
              }
            ]
          ],
          "table": "data2020-08",
          "timeColumn": "measuredAt",
          "timeColumnType": "timestamp",
          "where": [
            {
              "name": "$__timeFilter",
              "params": [],
              "type": "macro"
            }
          ]
        }
      ],
      "title": "Kohlenmonoxid",
      "type": "stat"
    },
    {
      "datasource": {
        "type": "mysql",
        "uid": "${DS_AIRQ}"
      },
      "description": "",
      "fieldConfig": {
        "defaults": {
          "decimals": 2,
          "mappings": [],
          "thresholds": {
            "mode": "absolute",
            "steps": [
              {
                "color": "super-light-blue",
                "value": null
              }
            ]
          },
          "unit": "ppm"
        },
        "overrides": []
      },
      "gridPos": {
        "h": 2,
        "w": 3,
        "x": 17,
        "y": 10
      },
      "id": 18,
      "options": {
        "colorMode": "value",
        "graphMode": "area",
        "justifyMode": "auto",
        "orientation": "auto",
        "reduceOptions": {
          "calcs": [
            "mean"
          ],
          "fields": "",
          "values": false
        },
        "text": {},
        "textMode": "auto"
      },
      "pluginVersion": "8.3.3",
      "targets": [
        {
          "format": "time_series",
          "group": [],
          "metricColumn": "none",
          "rawQuery": true,
          "rawSql": "SELECT\n  convert_tz(`measuredAt`,@@session.time_zone,'+00:00') AS \"time\",\n  co2 AS value,\n  \"CO2\" AS metric\nFROM `$TableName`\nWHERE Device='$Device'\nORDER BY measuredAt desc\nLIMIT 1",
          "refId": "A",
          "select": [
            [
              {
                "params": [
                  "measuretime"
                ],
                "type": "column"
              }
            ]
          ],
          "table": "data2020-08",
          "timeColumn": "measuredAt",
          "timeColumnType": "timestamp",
          "where": [
            {
              "name": "$__timeFilter",
              "params": [],
              "type": "macro"
            }
          ]
        }
      ],
      "title": "Kohlendioxid",
      "type": "stat"
    },
    {
      "datasource": {
        "type": "mysql",
        "uid": "${DS_AIRQ}"
      },
      "description": "",
      "fieldConfig": {
        "defaults": {
          "decimals": 1,
          "mappings": [],
          "max": 100,
          "min": 0,
          "thresholds": {
            "mode": "absolute",
            "steps": [
              {
                "color": "rgba(255, 0, 0, 0.5)",
                "value": null
              },
              {
                "color": "rgba(0, 255, 0, 0.5)",
                "value": 40
              },
              {
                "color": "rgba(0, 0, 255, 0.5)",
                "value": 60
              }
            ]
          },
          "unit": "humidity"
        },
        "overrides": []
      },
      "gridPos": {
        "h": 3,
        "w": 3,
        "x": 7,
        "y": 11
      },
      "id": 7,
      "options": {
        "colorMode": "value",
        "graphMode": "area",
        "justifyMode": "auto",
        "orientation": "auto",
        "reduceOptions": {
          "calcs": [
            "mean"
          ],
          "fields": "",
          "values": false
        },
        "text": {},
        "textMode": "auto"
      },
      "pluginVersion": "8.3.3",
      "targets": [
        {
          "format": "time_series",
          "group": [],
          "metricColumn": "none",
          "rawQuery": true,
          "rawSql": "SELECT\n  convert_tz(`measuredAt`,@@session.time_zone,'+00:00') AS \"time\",\n  humidity AS value,\n  \"Luftfeuchte\" AS metric\nFROM `$TableName`\nWHERE Device='$Device'\nORDER BY measuredAt desc\nLIMIT 1",
          "refId": "A",
          "select": [
            [
              {
                "params": [
                  "measuretime"
                ],
                "type": "column"
              }
            ]
          ],
          "table": "data2020-08",
          "timeColumn": "measuredAt",
          "timeColumnType": "timestamp",
          "where": [
            {
              "name": "$__timeFilter",
              "params": [],
              "type": "macro"
            }
          ]
        }
      ],
      "title": "Luftfeuchte",
      "type": "stat"
    },
    {
      "datasource": {
        "type": "mysql",
        "uid": "${DS_AIRQ}"
      },
      "description": "",
      "fieldConfig": {
        "defaults": {
          "decimals": 2,
          "mappings": [],
          "thresholds": {
            "mode": "absolute",
            "steps": [
              {
                "color": "super-light-blue",
                "value": null
              }
            ]
          },
          "unit": "conppb"
        },
        "overrides": []
      },
      "gridPos": {
        "h": 2,
        "w": 3,
        "x": 17,
        "y": 12
      },
      "id": 19,
      "options": {
        "colorMode": "value",
        "graphMode": "area",
        "justifyMode": "auto",
        "orientation": "auto",
        "reduceOptions": {
          "calcs": [
            "mean"
          ],
          "fields": "",
          "values": false
        },
        "text": {},
        "textMode": "auto"
      },
      "pluginVersion": "8.3.3",
      "targets": [
        {
          "format": "time_series",
          "group": [],
          "metricColumn": "none",
          "rawQuery": true,
          "rawSql": "SELECT\n  convert_tz(`measuredAt`,@@session.time_zone,'+00:00') AS \"time\",\n  tvoc AS value,\n  \"TVOC\" AS metric\nFROM `$TableName`\nWHERE Device='$Device'\nORDER BY measuredAt desc\nLIMIT 1",
          "refId": "A",
          "select": [
            [
              {
                "params": [
                  "measuretime"
                ],
                "type": "column"
              }
            ]
          ],
          "table": "data2020-08",
          "timeColumn": "measuredAt",
          "timeColumnType": "timestamp",
          "where": [
            {
              "name": "$__timeFilter",
              "params": [],
              "type": "macro"
            }
          ]
        }
      ],
      "title": "TVOCs",
      "type": "stat"
    },
    {
      "aliasColors": {
        "Luftfeuchte": "light-blue",
        "NO2": "semi-dark-orange",
        "O3": "light-blue",
        "PM-1": "yellow",
        "PM-10": "purple",
        "PM-2.5": "dark-orange",
        "SO2": "yellow",
        "Temperatur": "light-red"
      },
      "bars": false,
      "dashLength": 10,
      "dashes": false,
      "datasource": {
        "type": "mysql",
        "uid": "${DS_AIRQ}"
      },
      "description": "",
      "fill": 0,
      "fillGradient": 0,
      "gridPos": {
        "h": 8,
        "w": 7,
        "x": 0,
        "y": 14
      },
      "hiddenSeries": false,
      "id": 12,
      "legend": {
        "avg": false,
        "current": false,
        "max": false,
        "min": false,
        "show": true,
        "total": false,
        "values": false
      },
      "lines": true,
      "linewidth": 2,
      "nullPointMode": "null",
      "options": {
        "alertThreshold": true
      },
      "percentage": false,
      "pluginVersion": "8.3.3",
      "pointradius": 2,
      "points": false,
      "renderer": "flot",
      "seriesOverrides": [
        {
          "$$hashKey": "object:252",
          "alias": "Luftfeuchte",
          "yaxis": 2
        }
      ],
      "spaceLength": 10,
      "stack": false,
      "steppedLine": false,
      "targets": [
        {
          "format": "time_series",
          "group": [],
          "metricColumn": "none",
          "rawQuery": true,
          "rawSql": "SELECT\n  convert_tz(`measuredAt`,@@session.time_zone,'+00:00') AS time\n  , `o3` AS 'O3'\n  , `no2` AS 'NO2'\n  , `so2` AS 'SO2'\nFROM `$TableName`\nWHERE Device='$Device' AND\n  $__timeFilter( `measuredAt` )\nORDER BY `measuredAt`\n",
          "refId": "A",
          "select": [
            [
              {
                "params": [
                  "value"
                ],
                "type": "column"
              }
            ]
          ],
          "timeColumn": "time",
          "where": [
            {
              "name": "$__timeFilter",
              "params": [],
              "type": "macro"
            }
          ]
        }
      ],
      "thresholds": [],
      "timeRegions": [
        {
          "$$hashKey": "object:176",
          "colorMode": "background6",
          "fill": true,
          "fillColor": "rgba(234, 112, 112, 0.12)",
          "line": false,
          "lineColor": "rgba(237, 46, 24, 0.60)",
          "op": "time"
        }
      ],
      "title": "Ozon, Stickstoffdioxid, Schwefeldioxid",
      "tooltip": {
        "shared": true,
        "sort": 0,
        "value_type": "individual"
      },
      "type": "graph",
      "xaxis": {
        "mode": "time",
        "show": true,
        "values": []
      },
      "yaxes": [
        {
          "$$hashKey": "object:153",
          "decimals": 1,
          "format": "none",
          "label": "µg/m3",
          "logBase": 1,
          "show": true
        },
        {
          "$$hashKey": "object:154",
          "decimals": 1,
          "format": "conμgm3",
          "label": "µg/m3",
          "logBase": 1,
          "show": false
        }
      ],
      "yaxis": {
        "align": true
      }
    },
    {
      "datasource": {
        "type": "mysql",
        "uid": "${DS_AIRQ}"
      },
      "gridPos": {
        "h": 2,
        "w": 3,
        "x": 7,
        "y": 14
      },
      "id": 22,
      "options": {
        "content": "<div style=\"text-align: center; vertical-align: middle\">Bewertung gemäß CAQI</div>",
        "mode": "html"
      },
      "pluginVersion": "8.3.3",
      "targets": [
        {
          "format": "time_series",
          "group": [],
          "metricColumn": "none",
          "rawQuery": true,
          "rawSql": "",
          "refId": "A",
          "select": [
            [
              {
                "params": [
                  "measuretime"
                ],
                "type": "column"
              }
            ]
          ],
          "table": "data2020-08",
          "timeColumn": "measuredAt",
          "timeColumnType": "timestamp",
          "where": [
            {
              "name": "$__timeFilter",
              "params": [],
              "type": "macro"
            }
          ]
        }
      ],
      "type": "text"
    },
    {
      "aliasColors": {
        "Luftfeuchte": "light-blue",
        "PM-1": "yellow",
        "PM-10": "purple",
        "PM-2.5": "dark-orange",
        "Temperatur": "light-red"
      },
      "bars": false,
      "dashLength": 10,
      "dashes": false,
      "datasource": {
        "type": "mysql",
        "uid": "${DS_AIRQ}"
      },
      "fill": 0,
      "fillGradient": 0,
      "gridPos": {
        "h": 8,
        "w": 7,
        "x": 10,
        "y": 14
      },
      "hiddenSeries": false,
      "id": 8,
      "legend": {
        "avg": false,
        "current": false,
        "max": false,
        "min": false,
        "show": true,
        "total": false,
        "values": false
      },
      "lines": true,
      "linewidth": 2,
      "nullPointMode": "null",
      "options": {
        "alertThreshold": true
      },
      "percentage": false,
      "pluginVersion": "8.3.3",
      "pointradius": 2,
      "points": false,
      "renderer": "flot",
      "seriesOverrides": [
        {
          "$$hashKey": "object:252",
          "alias": "Luftfeuchte",
          "yaxis": 2
        }
      ],
      "spaceLength": 10,
      "stack": false,
      "steppedLine": false,
      "targets": [
        {
          "format": "time_series",
          "group": [],
          "metricColumn": "none",
          "rawQuery": true,
          "rawSql": "SELECT\n  convert_tz(`measuredAt`,@@session.time_zone,'+00:00') AS time\n  , `pm1` AS 'PM-1'\n  , `pm2_5` AS 'PM-2.5'\n  , `pm10` AS 'PM-10'\nFROM `$TableName`\nWHERE Device='$Device' AND\n  $__timeFilter( `measuredAt` )\nORDER BY `measuredAt`\n",
          "refId": "A",
          "select": [
            [
              {
                "params": [
                  "value"
                ],
                "type": "column"
              }
            ]
          ],
          "timeColumn": "time",
          "where": [
            {
              "name": "$__timeFilter",
              "params": [],
              "type": "macro"
            }
          ]
        }
      ],
      "thresholds": [],
      "timeRegions": [
        {
          "$$hashKey": "object:176",
          "colorMode": "background6",
          "fill": true,
          "fillColor": "rgba(234, 112, 112, 0.12)",
          "line": false,
          "lineColor": "rgba(237, 46, 24, 0.60)",
          "op": "time"
        }
      ],
      "title": "Feinstaub",
      "tooltip": {
        "shared": true,
        "sort": 0,
        "value_type": "individual"
      },
      "type": "graph",
      "xaxis": {
        "mode": "time",
        "show": true,
        "values": []
      },
      "yaxes": [
        {
          "$$hashKey": "object:153",
          "decimals": 1,
          "format": "none",
          "label": "µg/m3",
          "logBase": 1,
          "show": true
        },
        {
          "$$hashKey": "object:154",
          "decimals": 1,
          "format": "conμgm3",
          "label": "µg/m3",
          "logBase": 1,
          "show": false
        }
      ],
      "yaxis": {
        "align": true
      }
    },
    {
      "datasource": {
        "type": "mysql",
        "uid": "${DS_AIRQ}"
      },
      "gridPos": {
        "h": 2,
        "w": 3,
        "x": 17,
        "y": 14
      },
      "id": 23,
      "options": {
        "content": "<div style=\"text-align: center; vertical-align: middle\">Bewertung gemäß CAQI</div>",
        "mode": "html"
      },
      "pluginVersion": "8.3.3",
      "targets": [
        {
          "format": "time_series",
          "group": [],
          "metricColumn": "none",
          "rawQuery": true,
          "rawSql": "",
          "refId": "A",
          "select": [
            [
              {
                "params": [
                  "measuretime"
                ],
                "type": "column"
              }
            ]
          ],
          "table": "data2020-08",
          "timeColumn": "measuredAt",
          "timeColumnType": "timestamp",
          "where": [
            {
              "name": "$__timeFilter",
              "params": [],
              "type": "macro"
            }
          ]
        }
      ],
      "type": "text"
    },
    {
      "datasource": {
        "type": "mysql",
        "uid": "${DS_AIRQ}"
      },
      "fieldConfig": {
        "defaults": {
          "decimals": 1,
          "mappings": [],
          "max": 80,
          "min": -40,
          "thresholds": {
            "mode": "absolute",
            "steps": [
              {
                "color": "#79bc6a",
                "value": null
              },
              {
                "color": "#bbcf4c",
                "value": 60
              },
              {
                "color": "#eec20b",
                "value": 120
              },
              {
                "color": "#f29305",
                "value": 180
              },
              {
                "color": "#96001b",
                "value": 240
              }
            ]
          },
          "unit": "conμgm3"
        },
        "overrides": []
      },
      "gridPos": {
        "h": 2,
        "w": 3,
        "x": 7,
        "y": 16
      },
      "id": 13,
      "options": {
        "colorMode": "value",
        "graphMode": "area",
        "justifyMode": "auto",
        "orientation": "auto",
        "reduceOptions": {
          "calcs": [
            "mean"
          ],
          "fields": "",
          "values": false
        },
        "text": {},
        "textMode": "auto"
      },
      "pluginVersion": "8.3.3",
      "targets": [
        {
          "format": "time_series",
          "group": [],
          "metricColumn": "none",
          "rawQuery": true,
          "rawSql": "SELECT\n  convert_tz(`measuredAt`,@@session.time_zone,'+00:00') AS \"time\",\n  o3 AS value,\n  \"o3\" AS metric\nFROM `$TableName`\nWHERE Device='$Device'\nORDER BY measuredAt desc\nLIMIT 1",
          "refId": "A",
          "select": [
            [
              {
                "params": [
                  "measuretime"
                ],
                "type": "column"
              }
            ]
          ],
          "table": "data2020-08",
          "timeColumn": "measuredAt",
          "timeColumnType": "timestamp",
          "where": [
            {
              "name": "$__timeFilter",
              "params": [],
              "type": "macro"
            }
          ]
        }
      ],
      "title": "Ozon",
      "type": "stat"
    },
    {
      "datasource": {
        "type": "mysql",
        "uid": "${DS_AIRQ}"
      },
      "fieldConfig": {
        "defaults": {
          "decimals": 1,
          "mappings": [],
          "max": 80,
          "min": -40,
          "thresholds": {
            "mode": "absolute",
            "steps": [
              {
                "color": "#79bc6a",
                "value": null
              },
              {
                "color": "#bbcf4c",
                "value": 5
              },
              {
                "color": "#eec20b",
                "value": 10
              },
              {
                "color": "#f29305",
                "value": 20
              },
              {
                "color": "#96001b",
                "value": 40
              }
            ]
          },
          "unit": "conμgm3"
        },
        "overrides": []
      },
      "gridPos": {
        "h": 2,
        "w": 3,
        "x": 17,
        "y": 16
      },
      "id": 10,
      "options": {
        "colorMode": "value",
        "graphMode": "area",
        "justifyMode": "auto",
        "orientation": "auto",
        "reduceOptions": {
          "calcs": [
            "mean"
          ],
          "fields": "",
          "values": false
        },
        "text": {},
        "textMode": "auto"
      },
      "pluginVersion": "8.3.3",
      "targets": [
        {
          "format": "time_series",
          "group": [],
          "metricColumn": "none",
          "rawQuery": true,
          "rawSql": "SELECT\n  convert_tz(`measuredAt`,@@session.time_zone,'+00:00') AS \"time\",\n  pm1 AS value,\n  \"pm_1\" AS metric\nFROM `$TableName`\nWHERE Device='$Device'\nORDER BY measuredAt desc\nLIMIT 1",
          "refId": "A",
          "select": [
            [
              {
                "params": [
                  "measuretime"
                ],
                "type": "column"
              }
            ]
          ],
          "table": "data2020-08",
          "timeColumn": "measuredAt",
          "timeColumnType": "timestamp",
          "where": [
            {
              "name": "$__timeFilter",
              "params": [],
              "type": "macro"
            }
          ]
        }
      ],
      "title": "PM 1",
      "type": "stat"
    },
    {
      "datasource": {
        "type": "mysql",
        "uid": "${DS_AIRQ}"
      },
      "fieldConfig": {
        "defaults": {
          "decimals": 1,
          "mappings": [],
          "max": 80,
          "min": -40,
          "thresholds": {
            "mode": "absolute",
            "steps": [
              {
                "color": "#79bc6a",
                "value": null
              },
              {
                "color": "#bbcf4c",
                "value": 50
              },
              {
                "color": "#eec20b",
                "value": 100
              },
              {
                "color": "#f29305",
                "value": 200
              },
              {
                "color": "#96001b",
                "value": 400
              }
            ]
          },
          "unit": "conμgm3"
        },
        "overrides": []
      },
      "gridPos": {
        "h": 2,
        "w": 3,
        "x": 7,
        "y": 18
      },
      "id": 14,
      "options": {
        "colorMode": "value",
        "graphMode": "area",
        "justifyMode": "auto",
        "orientation": "auto",
        "reduceOptions": {
          "calcs": [
            "mean"
          ],
          "fields": "",
          "values": false
        },
        "text": {},
        "textMode": "auto"
      },
      "pluginVersion": "8.3.3",
      "targets": [
        {
          "format": "time_series",
          "group": [],
          "metricColumn": "none",
          "rawQuery": true,
          "rawSql": "SELECT\n  convert_tz(`measuredAt`,@@session.time_zone,'+00:00') AS \"time\",\n  no2 AS value,\n  \"no2\" AS metric\nFROM `$TableName`\nWHERE Device='$Device'\nORDER BY measuredAt desc\nLIMIT 1",
          "refId": "A",
          "select": [
            [
              {
                "params": [
                  "measuretime"
                ],
                "type": "column"
              }
            ]
          ],
          "table": "data2020-08",
          "timeColumn": "measuredAt",
          "timeColumnType": "timestamp",
          "where": [
            {
              "name": "$__timeFilter",
              "params": [],
              "type": "macro"
            }
          ]
        }
      ],
      "title": "Stickstoffdioxid",
      "type": "stat"
    },
    {
      "datasource": {
        "type": "mysql",
        "uid": "${DS_AIRQ}"
      },
      "fieldConfig": {
        "defaults": {
          "decimals": 1,
          "mappings": [],
          "max": 80,
          "min": -40,
          "thresholds": {
            "mode": "absolute",
            "steps": [
              {
                "color": "#79bc6a",
                "value": null
              },
              {
                "color": "#bbcf4c",
                "value": 10
              },
              {
                "color": "#eec20b",
                "value": 20
              },
              {
                "color": "#f29305",
                "value": 30
              },
              {
                "color": "#96001b",
                "value": 60
              }
            ]
          },
          "unit": "conμgm3"
        },
        "overrides": []
      },
      "gridPos": {
        "h": 2,
        "w": 3,
        "x": 17,
        "y": 18
      },
      "id": 9,
      "options": {
        "colorMode": "value",
        "graphMode": "area",
        "justifyMode": "auto",
        "orientation": "auto",
        "reduceOptions": {
          "calcs": [
            "mean"
          ],
          "fields": "",
          "values": false
        },
        "text": {},
        "textMode": "auto"
      },
      "pluginVersion": "8.3.3",
      "targets": [
        {
          "format": "time_series",
          "group": [],
          "metricColumn": "none",
          "rawQuery": true,
          "rawSql": "SELECT\n  convert_tz(`measuredAt`,@@session.time_zone,'+00:00') AS \"time\",\n  pm2_5 AS value,\n  \"pm_2_5\" AS metric\nFROM `$TableName`\nWHERE Device='$Device'\nORDER BY measuredAt desc\nLIMIT 1",
          "refId": "A",
          "select": [
            [
              {
                "params": [
                  "measuretime"
                ],
                "type": "column"
              }
            ]
          ],
          "table": "data2020-08",
          "timeColumn": "measuredAt",
          "timeColumnType": "timestamp",
          "where": [
            {
              "name": "$__timeFilter",
              "params": [],
              "type": "macro"
            }
          ]
        }
      ],
      "title": "PM 2.5",
      "type": "stat"
    },
    {
      "datasource": {
        "type": "mysql",
        "uid": "${DS_AIRQ}"
      },
      "fieldConfig": {
        "defaults": {
          "decimals": 1,
          "mappings": [],
          "max": 80,
          "min": -40,
          "thresholds": {
            "mode": "absolute",
            "steps": [
              {
                "color": "#79bc6a",
                "value": null
              },
              {
                "color": "#bbcf4c",
                "value": 50
              },
              {
                "color": "#eec20b",
                "value": 100
              },
              {
                "color": "#f29305",
                "value": 350
              },
              {
                "color": "#96001b",
                "value": 500
              }
            ]
          },
          "unit": "conμgm3"
        },
        "overrides": []
      },
      "gridPos": {
        "h": 2,
        "w": 3,
        "x": 7,
        "y": 20
      },
      "id": 15,
      "options": {
        "colorMode": "value",
        "graphMode": "area",
        "justifyMode": "auto",
        "orientation": "auto",
        "reduceOptions": {
          "calcs": [
            "mean"
          ],
          "fields": "",
          "values": false
        },
        "text": {},
        "textMode": "auto"
      },
      "pluginVersion": "8.3.3",
      "targets": [
        {
          "format": "time_series",
          "group": [],
          "metricColumn": "none",
          "rawQuery": true,
          "rawSql": "SELECT\n  convert_tz(`measuredAt`,@@session.time_zone,'+00:00') AS \"time\",\n  so2 AS value,\n  \"SO2\" AS metric\nFROM `$TableName`\nWHERE Device='$Device'\nORDER BY measuredAt desc\nLIMIT 1",
          "refId": "A",
          "select": [
            [
              {
                "params": [
                  "measuretime"
                ],
                "type": "column"
              }
            ]
          ],
          "table": "data2020-08",
          "timeColumn": "measuredAt",
          "timeColumnType": "timestamp",
          "where": [
            {
              "name": "$__timeFilter",
              "params": [],
              "type": "macro"
            }
          ]
        }
      ],
      "title": "Schwefeldioxid",
      "type": "stat"
    },
    {
      "datasource": {
        "type": "mysql",
        "uid": "${DS_AIRQ}"
      },
      "fieldConfig": {
        "defaults": {
          "decimals": 1,
          "mappings": [],
          "max": 80,
          "min": -40,
          "thresholds": {
            "mode": "absolute",
            "steps": [
              {
                "color": "#79bc6a",
                "value": null
              },
              {
                "color": "#bbcf4c",
                "value": 15
              },
              {
                "color": "#eec20b",
                "value": 30
              },
              {
                "color": "#f29305",
                "value": 50
              },
              {
                "color": "#96001b",
                "value": 100
              }
            ]
          },
          "unit": "conμgm3"
        },
        "overrides": []
      },
      "gridPos": {
        "h": 2,
        "w": 3,
        "x": 17,
        "y": 20
      },
      "id": 11,
      "options": {
        "colorMode": "value",
        "graphMode": "area",
        "justifyMode": "auto",
        "orientation": "auto",
        "reduceOptions": {
          "calcs": [
            "mean"
          ],
          "fields": "",
          "values": false
        },
        "text": {},
        "textMode": "auto"
      },
      "pluginVersion": "8.3.3",
      "targets": [
        {
          "format": "time_series",
          "group": [],
          "metricColumn": "none",
          "rawQuery": true,
          "rawSql": "SELECT\n  convert_tz(`measuredAt`,@@session.time_zone,'+00:00') AS \"time\",\n  pm10 AS value,\n  \"pm_10\" AS metric\nFROM `$TableName`\nWHERE Device='$Device'\nORDER BY measuredAt desc\nLIMIT 1",
          "refId": "A",
          "select": [
            [
              {
                "params": [
                  "measuretime"
                ],
                "type": "column"
              }
            ]
          ],
          "table": "data2020-08",
          "timeColumn": "measuredAt",
          "timeColumnType": "timestamp",
          "where": [
            {
              "name": "$__timeFilter",
              "params": [],
              "type": "macro"
            }
          ]
        }
      ],
      "title": "PM 10",
      "type": "stat"
    }
  ],
  "refresh": "15m",
  "schemaVersion": 34,
  "style": "dark",
  "tags": [
    "airQ"
  ],
  "templating": {
    "list": [
      {
        "current": {},
        "datasource": {
          "type": "mysql",
          "uid": "${DS_AIRQ}"
        },
        "definition": "SELECT table_name \nFROM information_schema.tables\nWHERE table_schema = 'airq'\n;\n",
        "hide": 0,
        "includeAll": false,
        "label": "Table",
        "multi": false,
        "name": "TableName",
        "options": [],
        "query": "SELECT table_name \nFROM information_schema.tables\nWHERE table_schema = 'airq'\n;\n",
        "refresh": 1,
        "regex": "",
        "skipUrlSync": false,
        "sort": 1,
        "tagValuesQuery": "",
        "tagsQuery": "",
        "type": "query",
        "useTags": false
      },
      {
        "current": {
          "selected": true,
          "text": "AirQ01",
          "value": "AirQ01"
        },
        "hide": 0,
        "includeAll": false,
        "label": "Device",
        "multi": false,
        "name": "Device",
        "options": [
          {
            "selected": true,
            "text": "AirQ01",
            "value": "AirQ01"
          }
        ],
        "query": "AirQ01",
        "queryValue": "",
        "skipUrlSync": false,
        "type": "custom"
      }
    ]
  },
  "time": {
    "from": "now-24h",
    "to": "now"
  },
  "timepicker": {
    "refresh_intervals": [
      "5m",
      "15m",
      "30m",
      "1h",
      "2h",
      "1d"
    ]
  },
  "timezone": "browser",
  "title": "Luftqualität Büro",
  "uid": "-6TrqJZgk",
  "version": 8,
  "weekStart": ""
}